Workbook

Sheet Fuel Calculation
A1: FLIGHT LOG – Cessna C-152 | FUEL CALCULATION
I2: Schaltfläche um Eingaben Rückgängig zu machen
A3: FLIGHT / AIRCRAFT DETAILS
A4: Date | C4: Pilot | E4: Aircraft / Reg. (FlightLogger) | F4: DEFTO | G4: Route / Notes
A5: BEM (kg) | B5: 554.76 | C5: Empty CG (m) | D5: 0.8 | E5: Fuel Flow (L/h) | F5: 23 | G5: Fuel density (kg/L) | H5: 0.72
A7: LOAD
A8: Pilot (kg) | B8: 0 | C8: Passenger (kg) | D8: 0 | E8: Baggage 1 (kg) | F8: 0 | G8: Baggage 2 (kg) | H8: 0
A10: FUEL CALCULATION
A11: Position | B11: Time / Setting | C11: Fuel (L) | D11: Fuel (kg) | E11: Calculation / fixed value
A12: Trip Fuel | C12: =IF(OR($F$5="",$B$13=""),"",$F$5*$B$13/60) -> 38.333333 | D12: =IF(C12="","",C12*$H$5) -> 27.6 | E12: Flight time × fuel flow
A13: Flight time (min) | B13: 100 | E13: Enter planned flight time time+10
A14: Additional Pattern | C14: =IF(OR($F$5="",$B$15=""),"",$F$5*$B$15/60) -> 1.9166667 | D14: =IF(C14="","",C14*$H$5) -> 1.38 | E14: 5 min VFR / 15 min IFR (select in input)
A15: Pattern time (min) | B15: 5 | E15: Default 5 min; change to 15 min if applicable
A16: Contingency | C16: =IF(C12="","",MAX(C12*5%, $F$5*5/60)) -> 1.9166667 | D16: =IF(C16="","",C16*$H$5) -> 1.38 | E16: 5%; minimum 5 min
A17: Alternate Fuel | C17: =IF(OR($F$5="",$B$18=""),"",$F$5*$B$18/60) -> 3.8333333 | D17: =IF(C17="","",C17*$H$5) -> 2.76 | E17: 10 min default (editable)
A18: Alternate time (min) | B18: 10 | E18: Fixed printed planning allowance: +10 min
A19: Final Reserve | C19: =IF($F$5="","",$F$5*45/60) -> 17.25 | D19: =IF(C19="","",C19*$H$5) -> 12.42 | E19: 45 min
A20: Minimum T/O Fuel | C20: =IF(COUNT(C12,C14,C16,C17,C19)<5,"",SUM(C12,C14,C16,C17,C19)) -> 63.25 | D20: =IF(C20="","",C20*$H$5) -> 45.54 | E20: Sum Trip through Final Reserve minimum Take off Time time fehlt, dass sind alle zeiten addiert
A21: Extra Fuel | B21: 0 | D21: =IF(C21="","",C21*$H$5) | E21: Enter additional fuel (L)
A22: T/O Fuel | C22: =IF(C20="","",C20+IF(C21="",0,C21)) -> 63.25 | D22: =IF(C22="","",C22*$H$5) -> 45.54 | E22: Minimum T/O Fuel + Extra Fuel
A23: Taxi Fuel | C23: 3 | D23: =C23*$H$5 -> 2.16 | E23: 3 L (fixed printed value)
A24: Block Fuel | C24: =IF(C22="","",C22+C23) -> 66.25 | D24: =IF(C24="","",C24*$H$5) -> 47.7 | E24: T/O Fuel + Taxi Fuel
A26: Fixed printed values: fuel density 0.72 kg/L | maximum block fuel 93 L (66.96 kg at 0.72 kg/L) | maximum take-off mass 758 kg. Check aircraft-specific applicability and current school procedures before use.

Sheet Mass & Balance
A1: FLIGHT LOG – Cessna C-152 | MASS & MOMENT DETERMINATION
A3: AIRCRAFT / LOAD DATA
A4: Aircraft / Reg. | B4: =IF('Fuel Calculation'!F4="","",'Fuel Calculation'!F4) -> DEFTO | C4: BEM (kg) | D4: =IF('Fuel Calculation'!B5="","",'Fuel Calculation'!B5) -> 554.76 | E4: Empty CG (m) | F4: =IF('Fuel Calculation'!D5="","",'Fuel Calculation'!D5) -> 0.8 | G4: Fuel Flow (L/h) | H4: =IF('Fuel Calculation'!F5="","",'Fuel Calculation'!F5) -> 23
A6: MASS & MOMENT
A7: Position | B7: Lever Arm (m) | C7: Mass (kg) | D7: Moment (kg·m) | E7: Source / calculation
A8: Basic Empty Mass | B8: =IF('Fuel Calculation'!D5="","",'Fuel Calculation'!D5) -> 0.8 | C8: =IF('Fuel Calculation'!B5="","",'Fuel Calculation'!B5) -> 554.76 | D8: =IF(OR(B8="",C8=""),"",B8*C8) -> 443.808 | E8: BEM × empty CG
A9: Pilot | B9: 0.99 | C9: 80 | D9: =B9*C9 -> 79.2 | E9: Fixed printed lever arm: 0.99 m Pilot and Passenger als Masse und Moment zusammengefasst in ener Zeile
A10: Passenger | B10: 0.99 | C10: ='Fuel Calculation'!D8 -> 0 | D10: =B10*C10 -> 0 | E10: Fixed printed lever arm: 0.99 m
A11: Baggage 1 | B11: 1.63 | C11: 10 | D11: =B11*C11 -> 16.3 | E11: Fixed printed lever arm: 1.63 m; max 54 kg
A12: Baggage 2 | B12: 2.13 | C12: ='Fuel Calculation'!H8 -> 0 | D12: =B12*C12 -> 0 | E12: Fixed printed lever arm: 2.13 m; max 18 kg
A13: Zero Fuel Mass | C13: =IF(COUNT(C8:C12)<5,"",SUM(C8:C12)) -> 644.76 | D13: =IF(COUNT(D8:D12)<5,"",SUM(D8:D12)) -> 539.308 | E13: Basic Empty Mass + occupants + baggage
A14: Block Fuel | B14: 1.07 | C14: =IF('Fuel Calculation'!D24="","",'Fuel Calculation'!D24) -> 47.7 | D14: =IF(OR(B14="",C14=""),"",B14*C14) -> 51.039 | E14: Fixed fuel lever arm: 1.07 m
A15: Ramp Mass | C15: =IF(COUNT(C13:C14)<2,"",C13+C14) -> 692.46 | D15: =IF(COUNT(D13:D14)<2,"",D13+D14) -> 590.347 | E15: Zero Fuel Mass + Block Fuel
A16: Taxi Fuel (−3 L) | B16: 1.07 | C16: =IF('Fuel Calculation'!D23="","",'Fuel Calculation'!D23) -> 2.16 | D16: =IF(OR(B16="",C16=""),"",-B16*C16) -> -2.3112 | E16: 3 L × density; fuel arm 1.07 m
A17: Take-off Mass | C17: =IF(COUNT(C15:C16)<2,"",C15-C16) -> 690.3 | D17: =IF(COUNT(D15:D16)<2,"",D15+D16) -> 588.0358 | E17: Ramp Mass − Taxi Fuel
A18: Trip Fuel (minus) | B18: 1.07 | C18: =IF('Fuel Calculation'!D12="","",'Fuel Calculation'!D12) -> 27.6 | D18: =IF(OR(B18="",C18=""),"",-B18*C18) -> -29.532 | E18: Trip fuel × density; fuel arm 1.07 m
A19: Landing Mass | C19: =IF(COUNT(C17:C18)<2,"",C17-C18) -> 662.7 | D19: =IF(COUNT(D17:D18)<2,"",D17+D18) -> 558.5038 | E19: Take-off Mass − Trip Fuel
A21: RESULTS / LIMIT CHECK
A22: Zero Fuel CG (m) | B22: =IFERROR(IF(OR(C13="",D13=""),"",D13/C13),"") -> 0.83644767 | C22: Ramp CG (m) | D22: =IFERROR(IF(OR(C15="",D15=""),"",D15/C15),"") -> 0.85253589 | E22: Take-off CG (m) | F22: =IFERROR(IF(OR(C17="",D17=""),"",D17/C17),"") -> 0.85185543 | G22: Landing CG (m) | H22: =IFERROR(IF(OR(C19="",D19=""),"",D19/C19),"") -> 0.84277018
A24: =IF(OR(C17="",'Fuel Calculation'!B5=""),"Enter FlightLogger data and load values.",IF(C17>758,"WARNING: Take-off mass exceeds fixed 758 kg limit.",IF('Fuel Calculation'!C24>93,"WARNING: Block fuel exceeds fixed 93 L limit.","Mass and fuel quantities are within the entered fixed limits. CG envelope must be checked separately."))) -> Mass and fuel quantities are within the entered fixed limits. CG envelope must be checked separately.
A27: Important: This sheet reproduces the printed values visible on the supplied form. Confirm they apply to the specific aircraft and verify all mass, fuel and CG results against the current POH/AFM, aircraft records and flight-school procedures. The chart/envelope and any CG limits are not independently validated by this spreadsheet.

Sheet Stammdaten
A1: Fixed values transcribed from supplied form
A3: Pilot lever arm (m) | B3: 0.99
A4: Passenger lever arm (m) | B4: 0.99
A5: Baggage 1 lever arm (m) | B5: 1.63
A6: Baggage 2 lever arm (m) | B6: 2.13
A7: Fuel lever arm (m) | B7: 1.07
A8: Fuel density (kg/L) | B8: 0.72
A9: Max fuel (L) | B9: 93
A10: Max take-off mass (kg) | B10: 758
A11: Max baggage 1 (kg) | B11: 54
A12: Max baggage 2 (kg) | B12: 18
A13: Taxi fuel (L) | B13: 3
A14: Contingency (%) | B14: 0.05
... A17: Alternate allowance (min) | B17: 10
A20: Note | B20: Transcribed from user-provided form images; verify applicability to aircraft and current POH/AFM.
